{
  "accuracy": [
    0.5518749952316284,
    0.5706250071525574,
    0.596875011920929,
    0.6056249737739563,
    0.6037499904632568,
    0.6299999952316284,
    0.6037499904632568,
    0.6237499713897705,
    0.6312500238418579,
    0.640625,
    0.5662500262260437,
    0.5981249809265137,
    0.6256250143051147,
    0.6412500143051147,
    0.6449999809265137,
    0.6418750286102295,
    0.6518750190734863,
    0.6462500095367432,
    0.6587499976158142
  ],
  "auc": [
    0.5803711414337158,
    0.6053595542907715,
    0.638957142829895,
    0.6527366638183594,
    0.6516775488853455,
    0.6793986558914185,
    0.655974268913269,
    0.6820515394210815,
    0.682889461517334,
    0.7058018445968628,
    0.5898759365081787,
    0.6435023546218872,
    0.6803444027900696,
    0.6872674822807312,
    0.7029597759246826,
    0.7031638026237488,
    0.7040024995803833,
    0.7055196762084961,
    0.7023782730102539
  ],
  "loss": [
    0.893893301486969,
    0.8305074572563171,
    0.7560944557189941,
    0.7420394420623779,
    0.7382974028587341,
    0.7092761397361755,
    0.7222958207130432,
    0.7066650390625,
    0.7021210193634033,
    0.6911227703094482,
    0.7573623657226562,
    0.7287828326225281,
    0.701245903968811,
    0.6977121829986572,
    0.6931836605072021,
    0.6880109906196594,
    0.6898500323295593,
    0.6871629953384399,
    0.6860578060150146
  ],
  "precision": [
    0.5394896864891052,
    0.5585696697235107,
    0.5826296806335449,
    0.5897740721702576,
    0.5893719792366028,
    0.610981285572052,
    0.5842824578285217,
    0.6027397513389587,
    0.6145584583282471,
    0.6221959590911865,
    0.5568475723266602,
    0.5889884829521179,
    0.610909104347229,
    0.6259080171585083,
    0.6273809671401978,
    0.6167597770690918,
    0.6328217387199402,
    0.6227272748947144,
    0.6362586617469788
  ],
  "recall": [
    0.5677749514579773,
    0.5792838931083679,
    0.6176470518112183,
    0.6342710852622986,
    0.6240409016609192,
    0.6687979698181152,
    0.6560102105140686,
    0.6751918196678162,
    0.6585677862167358,
    0.6739130616188049,
    0.551150918006897,
    0.5882353186607361,
    0.644501268863678,
    0.6611253023147583,
    0.6739130616188049,
    0.7058823704719543,
    0.6854220032691956,
    0.7007672786712646,
    0.7046035528182983
  ],
  "val_accuracy": [
    0.5799999833106995,
    0.5575000047683716,
    0.5924999713897705,
    0.612500011920929,
    0.5724999904632568,
    0.5774999856948853,
    0.5799999833106995,
    0.5774999856948853,
    0.6075000166893005,
    0.6000000238418579,
    0.5950000286102295,
    0.6175000071525574,
    0.612500011920929,
    0.6100000143051147,
    0.5975000262260437,
    0.5950000286102295,
    0.5975000262260437,
    0.6000000238418579,
    0.6075000166893005
  ],
  "val_auc": [
    0.5832996964454651,
    0.6024800539016724,
    0.606147289276123,
    0.6244454979896545,
    0.6081006526947021,
    0.5856815576553345,
    0.6045342087745667,
    0.5964940786361694,
    0.6414835453033447,
    0.6356109380722046,
    0.6352329254150391,
    0.6421388387680054,
    0.643083930015564,
    0.6422017812728882,
    0.6424664258956909,
    0.6448986530303955,
    0.6439157724380493,
    0.6464235186576843,
    0.6463353633880615
  ],
  "val_loss": [
    0.750644862651825,
    0.7379629015922546,
    0.7367956638336182,
    0.7282339334487915,
    0.7343977093696594,
    0.7353723049163818,
    0.7290889024734497,
    0.7327948212623596,
    0.7218528985977173,
    0.7296252250671387,
    0.722667396068573,
    0.7202780842781067,
    0.7203570008277893,
    0.723623514175415,
    0.7274572849273682,
    0.7286487817764282,
    0.7293360829353333,
    0.7297729253768921,
    0.7289198040962219
  ],
  "val_precision": [
    0.5868055820465088,
    0.6096256971359253,
    0.6141079068183899,
    0.6438356041908264,
    0.621761679649353,
    0.589090883731842,
    0.5992063283920288,
    0.5960784554481506,
    0.6215139627456665,
    0.6394230723381042,
    0.6052631735801697,
    0.6132404208183289,
    0.6006389856338501,
    0.5917159914970398,
    0.580736517906189,
    0.5786516666412354,
    0.5798319578170776,
    0.580110490322113,
    0.5854341983795166
  ],
  "val_recall": [
    0.7752293348312378,
    0.5229358077049255,
    0.6788991093635559,
    0.646789014339447,
    0.5504587292671204,
    0.7431192398071289,
    0.6926605701446533,
    0.6972476840019226,
    0.7155963182449341,
    0.6100917458534241,
    0.7385321259498596,
    0.8073394298553467,
    0.8623853325843811,
    0.9174311757087708,
    0.9403669834136963,
    0.9449541568756104,
    0.9495412707328796,
    0.963302731513977,
    0.9587156176567078
  ]
}