{
  "accuracy": [
    0.59375,
    0.6875,
    0.7552083134651184,
    0.78125,
    0.8020833134651184,
    0.8645833134651184,
    0.828125,
    0.859375,
    0.890625,
    0.8645833134651184,
    0.8489583134651184,
    0.9010416865348816,
    0.9010416865348816,
    0.859375,
    0.859375,
    0.890625,
    0.9114583134651184,
    0.875,
    0.921875,
    0.8958333134651184
  ],
  "loss": [
    0.684400737285614,
    0.6054365634918213,
    0.5173851847648621,
    0.48648059368133545,
    0.4375497102737427,
    0.3694052994251251,
    0.3840464651584625,
    0.36921587586402893,
    0.30313506722450256,
    0.31279993057250977,
    0.33760616183280945,
    0.3072618544101715,
    0.27428796887397766,
    0.3172875642776489,
    0.31959593296051025,
    0.29942598938941956,
    0.28301435708999634,
    0.3260541558265686,
    0.25793907046318054,
    0.26251766085624695
  ],
  "val_accuracy": [
    0.75,
    0.9166666865348816,
    0.9583333134651184,
    0.9583333134651184,
    0.9166666865348816,
    0.9791666865348816,
    0.9583333134651184,
    0.9375,
    0.9583333134651184,
    0.9791666865348816,
    0.9375,
    0.9166666865348816,
    0.9791666865348816,
    0.9583333134651184,
    0.9583333134651184,
    0.9791666865348816,
    0.9583333134651184,
    1.0,
    1.0,
    1.0
  ],
  "val_loss": [
    0.5368154644966125,
    0.4201890528202057,
    0.36234334111213684,
    0.31332698464393616,
    0.300113320350647,
    0.25730979442596436,
    0.2202029824256897,
    0.2624179422855377,
    0.24355852603912354,
    0.20386497676372528,
    0.19459976255893707,
    0.21040838956832886,
    0.19055373966693878,
    0.20044195652008057,
    0.19398730993270874,
    0.1770351678133011,
    0.16150416433811188,
    0.12780001759529114,
    0.13997337222099304,
    0.16374678909778595
  ]
}