{
  "accuracy": [
    0.9061033129692078,
    0.9647887349128723,
    0.9671361446380615,
    0.9753521084785461,
    0.9812206625938416,
    0.987089216709137
  ],
  "loss": [
    0.3775055706501007,
    0.16604366898536682,
    0.10272814333438873,
    0.13305243849754333,
    0.07048707455396652,
    0.026497920975089073
  ],
  "val_accuracy": [
    0.5,
    0.5,
    0.5,
    0.5,
    0.5,
    0.5
  ],
  "val_loss": [
    0.9108515381813049,
    1.3592016696929932,
    1.7647653818130493,
    2.186549663543701,
    1.2456583976745605,
    1.1577346324920654
  ]
}