{
  "accuracy": [
    0.6651712656021118,
    0.6810766458511353,
    0.6924959421157837,
    0.7108482718467712,
    0.7230831980705261,
    0.7324633002281189,
    0.7324633002281189,
    0.7434747219085693,
    0.7398042678833008,
    0.7553017735481262,
    0.6582381725311279,
    0.730424165725708,
    0.7161501049995422,
    0.7508156895637512,
    0.7589722871780396,
    0.7557096481323242,
    0.7544861435890198,
    0.7634584307670593
  ],
  "auc": [
    0.7170484066009521,
    0.7565612196922302,
    0.7601282596588135,
    0.7782504558563232,
    0.7910116314888,
    0.7941046953201294,
    0.8066865801811218,
    0.8134839534759521,
    0.8088182210922241,
    0.8231555223464966,
    0.7268913388252258,
    0.8008425235748291,
    0.7952616214752197,
    0.8183596730232239,
    0.8260529041290283,
    0.8223385214805603,
    0.823828399181366,
    0.8337817192077637
  ],
  "loss": [
    0.7657236456871033,
    0.6845472455024719,
    0.6611130833625793,
    0.6430435180664062,
    0.6327264904975891,
    0.6247167587280273,
    0.616228461265564,
    0.608260989189148,
    0.6097114086151123,
    0.598466694355011,
    0.686621367931366,
    0.6270774602890015,
    0.6233819723129272,
    0.6055948138237,
    0.5970426201820374,
    0.6044860482215881,
    0.598111093044281,
    0.5899817943572998
  ],
  "precision": [
    0.6546431183815002,
    0.6625000238418579,
    0.6717836260795593,
    0.6774638295173645,
    0.6936745047569275,
    0.698047399520874,
    0.6977716088294983,
    0.7117437720298767,
    0.7017906308174133,
    0.7119565010070801,
    0.6658075451850891,
    0.7167051434516907,
    0.6907514333724976,
    0.7212996482849121,
    0.7230443954467773,
    0.7240143418312073,
    0.7141873240470886,
    0.7233009934425354
  ],
  "recall": [
    0.6968954205513,
    0.7361111044883728,
    0.7508170008659363,
    0.8031045794487,
    0.7973856329917908,
    0.8178104758262634,
    0.8186274766921997,
    0.8169934749603271,
    0.8325163125991821,
    0.8562091588973999,
    0.633169949054718,
    0.7606208920478821,
    0.7810457348823547,
    0.8161764740943909,
    0.8382353186607361,
    0.8251634240150452,
    0.8472222089767456,
    0.8521241545677185
  ],
  "val_accuracy": [
    0.6503267884254456,
    0.6666666865348816,
    0.6584967374801636,
    0.6715686321258545,
    0.6601307392120361,
    0.665032684803009,
    0.6535947918891907,
    0.6715686321258545,
    0.6519607901573181,
    0.6470588445663452,
    0.5800653696060181,
    0.5718954205513,
    0.5735294222831726,
    0.5718954205513,
    0.5735294222831726,
    0.576797366142273,
    0.5800653696060181,
    0.5866013169288635
  ],
  "val_auc": [
    0.6909443140029907,
    0.708198070526123,
    0.7049940228462219,
    0.7234492301940918,
    0.7169610857963562,
    0.7322390079498291,
    0.7286771535873413,
    0.7533161640167236,
    0.7411782145500183,
    0.7291951179504395,
    0.7107772827148438,
    0.7033119201660156,
    0.7009568810462952,
    0.7004282474517822,
    0.7021103501319885,
    0.7043532133102417,
    0.7074985504150391,
    0.7087373733520508
  ],
  "val_loss": [
    0.6898454427719116,
    0.6805601119995117,
    0.6836099624633789,
    0.6832398772239685,
    0.6813379526138306,
    0.6725528240203857,
    0.6695986986160278,
    0.6664242744445801,
    0.6727455258369446,
    0.6810899972915649,
    0.7514509558677673,
    0.7940014004707336,
    0.8119178414344788,
    0.8489503264427185,
    0.8388754725456238,
    0.8314177989959717,
    0.8154555559158325,
    0.8069249391555786
  ],
  "val_precision": [
    0.6175000071525574,
    0.6120689511299133,
    0.608315110206604,
    0.6160520315170288,
    0.6146789193153381,
    0.6152125000953674,
    0.6081081032752991,
    0.6155507564544678,
    0.5975359082221985,
    0.5950413346290588,
    0.5456171631813049,
    0.5403508543968201,
    0.5413005352020264,
    0.5403508543968201,
    0.5413005352020264,
    0.5432098507881165,
    0.5451327562332153,
    0.5490196347236633
  ],
  "val_recall": [
    0.801948070526123,
    0.9220778942108154,
    0.9025974273681641,
    0.9220778942108154,
    0.8701298832893372,
    0.8928571343421936,
    0.8766233921051025,
    0.9253246784210205,
    0.9448052048683167,
    0.9350649118423462,
    0.9902597665786743,
    1.0,
    1.0,
    1.0,
    1.0,
    1.0,
    1.0,
    1.0
  ]
}