{
  "accuracy": [
    0.5171874761581421,
    0.520312488079071,
    0.526562511920929,
    0.47343748807907104,
    0.520312488079071,
    0.5390625
  ],
  "loss": [
    2.147012710571289,
    1.783951997756958,
    1.6778932809829712,
    1.5891714096069336,
    1.3218238353729248,
    1.1623140573501587
  ],
  "val_accuracy": [
    0.4625000059604645,
    0.5,
    0.5,
    0.5,
    0.5,
    0.5
  ],
  "val_loss": [
    0.6961327195167542,
    0.8846719861030579,
    1.539945363998413,
    1.3822104930877686,
    2.0246503353118896,
    2.802460193634033
  ]
}